{
  "dielectric_tensor": [
    [
      42.396476,
      0,
      -1.057006
    ],
    [
      0.0,
      42.396476,
      0.0
    ],
    [
      -1.057006,
      0.0,
      15.812507
    ]
  ],
  "dielectric_ionic_tensor": [
    [
      0.0,
      0.0,
      0.0
    ],
    [
      0.0,
      0.0,
      0.0
    ],
    [
      0.0,
      0.0,
      0.0
    ]
  ],
  "reference_potential": [
    -25.7439,
    -25.7439,
    -25.7439,
    -25.7439,
    -25.7439,
    -25.7439,
    -25.7439,
    -25.7439,
    -25.7439,
    -25.7439,
    -25.7439,
    -25.7439,
    -25.7439,
    -25.7439,
    -25.7439,
    -25.7439,
    -25.7439,
    -25.7439,
    -25.7439,
    -25.7439,
    -25.7439,
    -25.7439,
    -25.7439,
    -25.7439,
    -25.7439,
    -25.7439,
    -25.7439,
    -25.7439,
    -25.7439,
    -25.7439,
    -25.7439,
    -25.7439,
    -25.7166,
    -25.7166,
    -25.7166,
    -25.7166,
    -25.7166,
    -25.7166,
    -25.7166,
    -25.7166,
    -25.7166,
    -25.7166,
    -25.7166,
    -25.7166,
    -25.7166,
    -25.7166,
    -25.7166,
    -25.7166,
    -25.6958,
    -25.6958,
    -25.6958,
    -25.6958,
    -25.6958,
    -25.6958,
    -25.6958,
    -25.6958,
    -25.6958,
    -25.6958,
    -25.6958,
    -25.6958,
    -25.6958,
    -25.6958,
    -25.6958,
    -25.6958,
    -27.6444,
    -27.6444,
    -27.6444,
    -27.6444,
    -27.6444,
    -27.6444,
    -27.6444,
    -27.6444,
    -27.6444,
    -27.6444,
    -27.6444,
    -27.6444,
    -27.6444,
    -27.6444,
    -27.6444,
    -27.6444,
    -27.6443,
    -27.6443,
    -27.6443,
    -27.6443,
    -27.6443,
    -27.6443,
    -27.6443,
    -27.6443,
    -27.6443,
    -27.6443,
    -27.6443,
    -27.6443,
    -27.6444,
    -27.6444,
    -27.6444,
    -27.6444,
    -71.9074,
    -71.9074,
    -71.9074,
    -71.9074,
    -71.9074,
    -71.9074,
    -71.9074,
    -71.9074,
    -71.9074,
    -71.9074,
    -71.9074,
    -71.9074,
    -71.9074,
    -71.9074,
    -71.9074,
    -71.9074,
    -71.9074,
    -71.9074,
    -71.9074,
    -71.9074,
    -71.9074,
    -71.9074,
    -71.9074,
    -71.9074,
    -71.9074,
    -71.9074,
    -71.9074,
    -71.9074,
    -71.9074,
    -71.9074,
    -71.9074,
    -71.9074,
    -71.909,
    -71.909,
    -71.909,
    -71.909,
    -71.909,
    -71.909,
    -71.909,
    -71.909,
    -71.909,
    -71.909,
    -71.909,
    -71.909,
    -71.909,
    -71.909,
    -71.909,
    -71.909,
    -71.909,
    -71.909,
    -71.909,
    -71.909,
    -71.909,
    -71.909,
    -71.909,
    -71.909,
    -71.909,
    -71.909,
    -71.909,
    -71.909,
    -71.909,
    -71.909,
    -71.909,
    -71.909,
    -71.8863,
    -71.8863,
    -71.8863,
    -71.8863,
    -71.8863,
    -71.8863,
    -71.8863,
    -71.8863,
    -71.8863,
    -71.8863,
    -71.8863,
    -71.8863,
    -71.8863,
    -71.8863,
    -71.8863,
    -71.8863,
    -71.8863,
    -71.8863,
    -71.8863,
    -71.8863,
    -71.8863,
    -71.8863,
    -71.8863,
    -71.8863,
    -71.8863,
    -71.8863,
    -71.8863,
    -71.8863,
    -71.8863,
    -71.8863,
    -71.8863,
    -71.8863
  ]
}