{
  "dielectric_tensor": [
    [
      3.162343,
      0.0,
      0.0
    ],
    [
      0.0,
      3.162343,
      0.0
    ],
    [
      0.0,
      0.0,
      3.162343
    ]
  ],
  "dielectric_ionic_tensor": [
    [
      7.496017,
      0.0,
      0.0
    ],
    [
      0.0,
      7.496059,
      0.0
    ],
    [
      0.0,
      0.0,
      7.495908
    ]
  ],
  "reference_potential": [
    -69.3903,
    -69.3903,
    -69.3903,
    -69.3903,
    -69.3903,
    -69.3903,
    -69.3903,
    -69.3903,
    -69.3903,
    -69.3903,
    -69.3903,
    -69.3903,
    -69.3903,
    -69.3903,
    -69.3903,
    -69.3903,
    -69.3903,
    -69.3903,
    -69.3903,
    -69.3903,
    -69.3903,
    -69.3903,
    -69.3903,
    -69.3903,
    -69.3903,
    -69.3903,
    -69.3903,
    -69.3903,
    -69.3903,
    -69.3903,
    -69.3903,
    -69.3903,
    -34.3041,
    -34.3041,
    -34.3041,
    -34.3041,
    -34.3041,
    -34.3041,
    -34.3041,
    -34.3041,
    -34.3041,
    -34.3041,
    -34.3041,
    -34.3041,
    -34.3041,
    -34.3041,
    -34.3041,
    -34.3041,
    -34.3041,
    -34.3041,
    -34.3041,
    -34.3041,
    -34.3041,
    -34.3041,
    -34.3041,
    -34.3041,
    -34.3041,
    -34.3041,
    -34.3041,
    -34.3041,
    -34.3041,
    -34.3041,
    -34.3041,
    -34.3041
  ]
}