{
  "charge": 2,
  "defect_position": [
    0.25,
    0.25,
    0.25
  ],
  "elements": [
    "Mg",
    "Mg",
    "Mg",
    "Mg",
    "Mg",
    "Mg",
    "Mg",
    "Mg",
    "Mg",
    "Mg",
    "Mg",
    "Mg",
    "Mg",
    "Mg",
    "Mg",
    "Mg",
    "Mg",
    "Mg",
    "Mg",
    "Mg",
    "Mg",
    "Mg",
    "Mg",
    "Mg",
    "Mg",
    "Mg",
    "Mg",
    "Mg",
    "Mg",
    "Mg",
    "Mg",
    "Mg",
    "O",
    "O",
    "O",
    "O",
    "O",
    "O",
    "O",
    "O",
    "O",
    "O",
    "O",
    "O",
    "O",
    "O",
    "O",
    "O",
    "O",
    "O",
    "O",
    "O",
    "O",
    "O",
    "O",
    "O",
    "O",
    "O",
    "O",
    "O",
    "O",
    "O",
    "O"
  ],
  "displacement": [
    0.003022000055564382,
    0.003022000055563869,
    0.003022000055563869,
    0.0030220000555633564,
    0.003022000055563869,
    0.0030220000555633564,
    0.0030220000555633564,
    0.0030220000555628433,
    0.16977754546049972,
    0.019597330683001957,
    0.019597330683001957,
    0.007975624080076571,
    0.1697775454605006,
    0.01959733068300107,
    0.01959733068300107,
    0.00797562408007746,
    0.16977754546049972,
    0.019597330683001957,
    0.1697775454605006,
    0.01959733068300107,
    0.019597330683001957,
    0.007975624080076571,
    0.01959733068300107,
    0.00797562408007746,
    0.16977754546049972,
    0.1697775454605006,
    0.019597330683001957,
    0.01959733068300107,
    0.019597330683001957,
    0.01959733068300107,
    0.007975624080076571,
    0.00797562408007746,
    2.4868995751603507e-14,
    2.4868995751603507e-14,
    3.517007107451656e-14,
    2.4868995751603507e-14,
    3.517007107451656e-14,
    3.517007107451656e-14,
    4.307436417499183e-14,
    0.07179310383152253,
    0.0717931038315226,
    0.0717931038315226,
    0.07179310383152268,
    0.01728250712079612,
    0.017282507120796032,
    0.017282507120796032,
    0.017282507120795945,
    0.07179310383152253,
    0.0717931038315226,
    0.01728250712079612,
    0.017282507120796032,
    0.0717931038315226,
    0.07179310383152268,
    0.017282507120796032,
    0.017282507120795945,
    0.07179310383152253,
    0.01728250712079612,
    0.0717931038315226,
    0.017282507120796032,
    0.0717931038315226,
    0.017282507120796032,
    0.07179310383152268,
    0.017282507120795945
  ],
  "distance_from_defect": [
    3.6809392422057923,
    3.680939242205792,
    3.680939242205792,
    3.680939242205791,
    3.680939242205792,
    3.680939242205791,
    3.680939242205791,
    3.6809392422057905,
    2.2932240552731,
    4.756967229488436,
    4.756967229488436,
    6.373002506913763,
    2.2932240552731007,
    4.756967229488436,
    4.756967229488436,
    6.373002506913763,
    2.2932240552731,
    4.756967229488436,
    2.2932240552731007,
    4.756967229488436,
    4.756967229488436,
    6.373002506913763,
    4.756967229488436,
    6.373002506913763,
    2.2932240552731,
    2.2932240552731007,
    4.756967229488436,
    4.756967229488436,
    4.756967229488436,
    4.756967229488436,
    6.373002506913763,
    6.373002506913763,
    4.246893019625141,
    4.246893019625141,
    6.006013706301501,
    4.246893019625141,
    6.006013706301501,
    6.006013706301501,
    7.355834484300353,
    2.93121374931927,
    2.93121374931927,
    2.93121374931927,
    2.93121374931927,
    5.191401563221342,
    5.191401563221342,
    5.191401563221342,
    5.191401563221342,
    2.93121374931927,
    2.93121374931927,
    5.191401563221342,
    5.191401563221342,
    2.93121374931927,
    2.93121374931927,
    5.191401563221342,
    5.191401563221342,
    2.93121374931927,
    5.191401563221342,
    2.93121374931927,
    5.191401563221342,
    2.93121374931927,
    5.191401563221342,
    2.93121374931927,
    5.191401563221342
  ],
  "angle": [
    "-",
    "-",
    "-",
    "-",
    "-",
    "-",
    "-",
    "-",
    0.0,
    "-",
    "-",
    "-",
    0.0,
    "-",
    "-",
    "-",
    0.0,
    "-",
    0.0,
    "-",
    "-",
    "-",
    "-",
    "-",
    0.0,
    0.0,
    "-",
    "-",
    "-",
    "-",
    "-",
    "-",
    "-",
    "-",
    "-",
    "-",
    "-",
    "-",
    "-",
    "-",
    "-",
    "-",
    "-",
    "-",
    "-",
    "-",
    "-",
    "-",
    "-",
    "-",
    "-",
    "-",
    "-",
    "-",
    "-",
    "-",
    "-",
    "-",
    "-",
    "-",
    "-",
    "-",
    "-"
  ],